{"stats":{"minecraft:killed_by":{"endofherobrine:cow":3,"born_in_chaos_v1:nightmare_stalker":3,"born_in_chaos_v1:zombie_bruiser":1,"creeperoverhaul:desert_creeper":1,"man:managgresive":2,"grimoireofgaia:cecaelia":2,"grimoireofgaia:bone_knight":1,"grimoireofgaia:minotaurus":2,"grimoireofgaia:gravemite":1,"minecraft:player":3,"grimoireofgaia:orc":1,"born_in_chaos_v1:phantom_creeper":1,"born_in_chaos_v1:fallen_chaos_knight":1,"grimoireofgaia:flesh_lich":1,"grimoireofgaia:ant_salvager":1,"minecraft:skeleton":3,"born_in_chaos_v1:corpse_fish":1,"grimoireofgaia:creep":1},"minecraft:killed":{"born_in_chaos_v1:zombie_lumberjack":1,"minecraft:spider":4,"born_in_chaos_v1:siamese_skeletonsright":1,"grimoireofgaia:goblin":3,"minecraft:skeleton":3,"minecraft:chicken":2,"grimoireofgaia:gravemite":2,"grimoireofgaia:mandragora":1,"grimoireofgaia:flesh_lich":1,"born_in_chaos_v1:bonescaller":1,"minecraft:pig":5,"born_in_chaos_v1:diamond_termite":2,"grimoireofgaia:bone_knight":2,"minecraft:creeper":2,"minecraft:sheep":4,"minecraft:zombie":11,"born_in_chaos_v1:dread_hound":3,"born_in_chaos_v1:corpse_fly":3,"born_in_chaos_v1:siamese_skeletonsleft":1,"minecraft:cow":1,"grimoireofgaia:satyress":1,"alexsmobs:tarantula_hawk":1,"born_in_chaos_v1:zombie_bruiser":1,"grimoireofgaia:centaur":5,"born_in_chaos_v1:dire_hound_leader":1,"grimoireofgaia:bee":1,"alexsmobs:bison":1,"grimoireofgaia:cecaelia":1,"alexsmobs:emu":1,"grimoireofgaia:mummy":1,"born_in_chaos_v1:dark_vortex":1},"minecraft:mined":{"minecraft:dark_oak_planks":9,"minecraft:spruce_planks":1,"minecraft:white_bed":2,"minecraft:andesite_stairs":1,"regions_unexplored:deepslate_prismoss":4,"minecraft:cobblestone_stairs":6,"minecraft:granite":2,"minecraft:acacia_log":4,"minecraft:grass_block":25,"minecraft:spawner":1,"minecraft:tall_seagrass":1,"regions_unexplored:pointed_redstone":4,"minecraft:glowstone":1,"minecraft:iron_ore":108,"minecraft:deepslate_lapis_ore":4,"minecraft:fletching_table":8,"minecraft:dirt_path":7,"minecraft:oak_stairs":10,"regions_unexplored:silt_grass_block":7,"regions_unexplored:dead_steppe_shrub":2,"minecraft:cut_sandstone":13,"minecraft:red_bed":12,"minecraft:smoker":2,"minecraft:orange_terracotta":8,"minecraft:clay":5,"minecraft:note_block":1,"minecraft:dark_oak_wood":13,"minecraft:poppy":1,"minecraft:cobblestone":40,"minecraft:oak_planks":20,"minecraft:wall_torch":1,"minecraft:seagrass":1,"minecraft:white_terracotta":3,"minecraft:blue_terracotta":5,"minecraft:bamboo_planks":4,"minecraft:wheat":20,"minecraft:grass":91,"minecraft:oak_log":114,"minecraft:sand":3,"minecraft:dirt":21,"minecraft:sandstone_wall":3,"minecraft:stonecutter":1,"regions_unexplored:prismoss_sprout":4,"minecraft:deepslate":72,"minecraft:oak_leaves":11,"minecraft:tuff":2,"minecraft:red_carpet":1,"minecraft:mossy_cobblestone":1,"minecraft:deepslate_diamond_ore":3,"minecraft:candle":1,"minecraft:oak_door":1,"born_in_chaos_v1:infected_diamond_ore":1,"minecraft:glow_lichen":1,"minecraft:ladder":1,"minecraft:chiseled_bookshelf":3,"minecraft:polished_andesite_slab":3,"minecraft:moss_block":2,"regions_unexplored:raw_redstone_block":8,"minecraft:sandstone":42,"minecraft:hay_block":11,"regions_unexplored:baobab_log":845,"minecraft:furnace":8,"minecraft:carrots":3,"minecraft:chiseled_sandstone":6,"minecraft:andesite":15,"minecraft:bookshelf":5,"minecraft:potatoes":51,"minecraft:deepslate_iron_ore":13,"regions_unexplored:medium_grass":60,"minecraft:bamboo_sapling":1,"minecraft:bamboo":10,"minecraft:stone":285,"regions_unexplored:redstone_bulb":2,"minecraft:podzol":1,"minecraft:glass_pane":1,"minecraft:dandelion":2,"minecraft:crafting_table":18,"minecraft:oak_wood":1,"regions_unexplored:silt_dirt":23,"minecraft:andesite_slab":2,"minecraft:tall_grass":127,"minecraft:copper_ore":6,"regions_unexplored:baobab_branch":1,"regions_unexplored:mauve_log":3,"minecraft:deepslate_gold_ore":16,"minecraft:lapis_ore":7,"farmersdelight:wild_tomatoes":1,"minecraft:diorite":4,"regions_unexplored:prismarite_cluster":1,"minecraft:coarse_dirt":1,"regions_unexplored:redstone_bud":11,"minecraft:gray_bed":1,"minecraft:white_carpet":1,"minecraft:yellow_bed":6,"minecraft:coal_ore":52,"minecraft:gravel":37,"minecraft:cobweb":1,"regions_unexplored:baobab_leaves":28,"minecraft:gold_ore":11,"minecraft:fern":5},"minecraft:broken":{"minecraft:stone_pickaxe":2,"minecraft:stone_axe":8,"minecraft:iron_pickaxe":1,"minecraft:iron_helmet":1},"minecraft:picked_up":{"minecraft:wheat":3,"regions_unexplored:silt_dirt":22,"minecraft:oak_stairs":6,"minecraft:string":9,"minecraft:gold_nugget":3,"regions_unexplored:bamboo_sapling":2,"minecraft:cobbled_deepslate":20,"minecraft:spruce_planks":1,"minecraft:cobblestone_slab":2,"minecraft:iron_boots":1,"minecraft:furnace":8,"minecraft:stick":93,"born_in_chaos_v1:shattered_skull":2,"minecraft:torch":1,"minecraft:acacia_log":5,"epicfight:skillbook":3,"minecraft:porkchop":9,"minecraft:cherry_log":2,"minecraft:diorite":1,"minecraft:stone_sword":1,"minecraft:rotten_flesh":25,"regions_unexplored:mauve_log":2,"alexsmobs:emu_egg":1,"minecraft:white_terracotta":1,"minecraft:cobblestone":314,"minecraft:feather":3,"minecraft:andesite":19,"minecraft:potato":176,"minecraft:smoker":2,"alexsmobs:bison_fur":4,"regions_unexplored:dead_steppe_shrub":1,"minecraft:flint":2,"minecraft:dirt":48,"minecraft:lapis_lazuli":76,"born_in_chaos_v1:monster_skin":1,"minecraft:leather_boots":1,"minecraft:bone":18,"minecraft:bow":1,"minecraft:wheat_seeds":44,"minecraft:raw_gold":27,"regions_unexplored:baobab_sapling":18,"minecraft:mossy_stone_bricks":1,"minecraft:fletching_table":8,"minecraft:bamboo":40,"minecraft:oak_planks":13,"grimoireofgaia:box_overworld":1,"minecraft:bamboo_raft":1,"regions_unexplored:baobab_planks":70,"minecraft:sand":6,"minecraft:ink_sac":1,"grimoireofgaia:shiny_pearl":2,"minecraft:dark_oak_log":1,"minecraft:chiseled_sandstone":1,"minecraft:mossy_cobblestone":2,"man:tearoftheman":1,"minecraft:blue_terracotta":3,"minecraft:deepslate":1,"minecraft:diamond":3,"waystones:waystone":2,"minecraft:granite":2,"alexsmobs:tarantula_hawk_wing_fragment":1,"born_in_chaos_v1:rotten_fish":4,"minecraft:andesite_slab":1,"regions_unexplored:baobab_log":794,"born_in_chaos_v1:diamond_termite_shard":2,"minecraft:crafting_table":16,"minecraft:chicken":3,"minecraft:ladder":3,"alexsmobs:cooked_catfish":1,"minecraft:red_bed":12,"minecraft:white_carpet":1,"dungeonnowloading:spawner_fragment":6,"minecraft:candle":2,"minecraft:beef":6,"minecraft:andesite_stairs":1,"minecraft:iron_nugget":15,"minecraft:poppy":1,"minecraft:raw_iron":121,"minecraft:sandstone":53,"minecraft:oak_door":1,"artifacts:charm_of_sinking":1,"minecraft:note_block":1,"born_in_chaos_v1:pieceofdarkmetal":6,"minecraft:carrot":5,"minecraft:redstone":34,"minecraft:dark_oak_planks":29,"minecraft:arrow":3,"regions_unexplored:redstone_bulb":3,"minecraft:hay_block":11,"minecraft:mutton":6,"minecraft:white_wool":4,"born_in_chaos_v1:corpse_maggot":1,"born_in_chaos_v1:monster_flesh":3,"minecraft:tripwire_hook":2,"minecraft:leather":4,"minecraft:cut_sandstone":24,"minecraft:oak_log":105,"minecraft:yellow_bed":6,"minecraft:gunpowder":2,"minecraft:cobblestone_stairs":5,"minecraft:orange_terracotta":6,"minecraft:red_carpet":1,"minecraft:iron_ingot":7,"minecraft:stone_pickaxe":1,"minecraft:gray_bed":1,"minecraft:polished_andesite_slab":2,"minecraft:book":15,"minecraft:bamboo_planks":2,"born_in_chaos_v1:ethereal_spirit":1,"minecraft:gravel":4,"minecraft:white_bed":2,"minecraft:spider_eye":1,"minecraft:oak_wood":1,"minecraft:coal_ore":4,"minecraft:dark_oak_wood":12,"minecraft:coal":126,"minecraft:ender_pearl":1},"minecraft:crafted":{"regions_unexplored:baobab_planks":3171,"minecraft:oak_planks":396,"minecraft:cooked_chicken":2,"minecraft:bow":10,"minecraft:iron_boots":2,"minecraft:chest":2,"minecraft:arrow":448,"minecraft:emerald":212,"minecraft:cooked_porkchop":4,"minecraft:crafting_table":4,"minecraft:wooden_pickaxe":1,"minecraft:baked_potato":111,"minecraft:iron_helmet":2,"minecraft:smithing_table":1,"minecraft:fletching_table":1,"minecraft:wooden_hoe":2,"minecraft:iron_chestplate":2,"minecraft:shield":2,"minecraft:stick":7065,"minecraft:iron_ingot":61,"minecraft:iron_pickaxe":2,"minecraft:stone_sword":1,"minecraft:stone_shovel":13,"minecraft:furnace":2,"minecraft:bone_meal":102,"minecraft:stone_pickaxe":3,"minecraft:dark_oak_planks":44,"minecraft:iron_sword":1,"minecraft:stone_axe":8,"minecraft:air":0,"minecraft:oak_boat":2,"minecraft:iron_leggings":2,"minecraft:acacia_planks":12},"minecraft:dropped":{"minecraft:brown_mushroom":1,"minecraft:glass_bottle":2,"minecraft:leather":1,"minecraft:iron_horse_armor":1,"minecraft:music_disc_13":1,"minecraft:dirt":3,"born_in_chaos_v1:monster_skin":1,"minecraft:mutton":2,"minecraft:cut_sandstone":12,"minecraft:sand":6,"minecraft:iron_pickaxe":1,"minecraft:white_wool":3,"minecraft:gold_ingot":1,"minecraft:bone":1,"minecraft:oak_door":1,"minecraft:gravel":2,"minecraft:note_block":1,"minecraft:cobbled_deepslate":2,"minecraft:iron_nugget":4,"minecraft:rotten_flesh":12,"minecraft:oak_planks":2,"minecraft:poppy":1,"minecraft:melon_seeds":2,"minecraft:leather_boots":1,"minecraft:ladder":3,"minecraft:arrow":129,"farmersdelight:tomato_seeds":4,"minecraft:wheat_seeds":5,"minecraft:mossy_cobblestone":1,"minecraft:cobblestone":2,"grimoireofgaia:shiny_pearl":2,"minecraft:stick":7,"minecraft:cobweb":5,"minecraft:diorite":1,"minecraft:wooden_hoe":1,"minecraft:iron_leggings":1,"minecraft:string":11,"minecraft:tripwire_hook":2,"minecraft:chiseled_sandstone":1,"minecraft:redstone":2,"minecraft:bamboo_planks":1,"minecraft:blue_terracotta":3,"epicfight:uchigatana":1,"minecraft:stone_sword":2,"alexsmobs:tarantula_hawk_wing_fragment":1,"minecraft:stone_shovel":12,"farmersdelight:cabbage_seeds":5,"minecraft:iron_boots":2,"regions_unexplored:mauve_log":2,"regions_unexplored:bamboo_sapling":2,"minecraft:shield":1,"man:tearoftheman":2,"minecraft:orange_terracotta":6,"minecraft:iron_chestplate":1,"minecraft:andesite":8,"minecraft:andesite_stairs":1,"minecraft:spider_eye":1,"minecraft:bamboo":13,"minecraft:sandstone":7,"minecraft:bow":1,"minecraft:stone_pickaxe":3,"minecraft:wooden_pickaxe":1,"waystones:waystone":1,"regions_unexplored:silt_dirt":1},"minecraft:used":{"regions_unexplored:silt_dirt":8,"minecraft:chest":2,"minecraft:shield":74,"minecraft:white_terracotta":1,"minecraft:iron_sword":71,"minecraft:iron_chestplate":2,"born_in_chaos_v1:corpse_maggot":1,"minecraft:coal_ore":4,"minecraft:dark_oak_wood":1,"minecraft:iron_helmet":2,"minecraft:bow":190,"minecraft:hay_block":1,"minecraft:furnace":10,"minecraft:potato":98,"epicfight:skillbook":7,"minecraft:stone_pickaxe":357,"minecraft:oak_planks":3,"minecraft:wooden_pickaxe":15,"minecraft:sandstone":46,"minecraft:golden_apple":1,"waystones:waystone":1,"born_in_chaos_v1:monster_flesh":1,"minecraft:bread":10,"minecraft:deepslate":1,"minecraft:polished_andesite_slab":2,"regions_unexplored:baobab_log":1,"minecraft:smithing_table":1,"minecraft:andesite":8,"minecraft:oak_boat":2,"minecraft:bone_meal":102,"minecraft:stone_sword":91,"minecraft:acacia_log":2,"minecraft:stone_shovel":70,"minecraft:cooked_chicken":2,"minecraft:torch":1,"minecraft:dirt":34,"minecraft:dark_oak_planks":27,"minecraft:oak_stairs":1,"minecraft:iron_boots":2,"minecraft:bamboo":4,"minecraft:cobbled_deepslate":18,"minecraft:cherry_log":1,"minecraft:iron_leggings":2,"alexsmobs:cooked_catfish":1,"minecraft:cobblestone_stairs":5,"minecraft:baked_potato":87,"minecraft:cut_sandstone":12,"minecraft:fletching_table":9,"minecraft:crafting_table":19,"minecraft:red_bed":12,"minecraft:white_bed":1,"minecraft:smoker":1,"minecraft:oak_log":2,"minecraft:wooden_hoe":45,"regions_unexplored:baobab_planks":9,"minecraft:iron_pickaxe":434,"minecraft:stone_axe":1071,"minecraft:cobblestone":228,"minecraft:potion":2,"minecraft:cooked_porkchop":4,"minecraft:yellow_bed":5,"alexsmobs:emu_egg":1},"minecraft:custom":{"lootr:looted_stat":10,"minecraft:interact_with_crafting_table":59,"minecraft:open_barrel":5,"minecraft:leave_game":19,"minecraft:time_since_death":49413,"minecraft:sprint_one_cm":1574719,"minecraft:damage_blocked_by_shield":4290,"minecraft:drop":107,"minecraft:play_noteblock":10,"minecraft:talked_to_villager":100,"minecraft:play_time":372965,"minecraft:deaths":29,"minecraft:jump":5401,"minecraft:walk_on_water_one_cm":154713,"minecraft:interact_with_furnace":112,"minecraft:traded_with_villager":262,"minecraft:sleep_in_bed":16,"minecraft:waystone_activated":1,"minecraft:damage_dealt":8551,"minecraft:player_kills":2,"minecraft:crouch_one_cm":122262,"minecraft:interact_with_smoker":2,"minecraft:horse_one_cm":329906,"minecraft:interact_with_anvil":1,"minecraft:mob_kills":76,"minecraft:damage_dealt_resisted":148,"minecraft:climb_one_cm":4526,"minecraft:walk_one_cm":2239677,"minecraft:sneak_time":26421,"minecraft:walk_under_water_one_cm":65235,"minecraft:boat_one_cm":91590,"minecraft:total_world_time":372965,"minecraft:tune_noteblock":6,"minecraft:time_since_rest":49495,"minecraft:damage_taken":11912,"minecraft:damage_absorbed":40,"minecraft:swim_one_cm":117727,"minecraft:fly_one_cm":1308491,"minecraft:open_chest":36,"minecraft:fall_one_cm":105588}},"DataVersion":3465}