{"stats":{"minecraft:used":{"minecraft:stone_sword":91,"minecraft:acacia_log":2,"minecraft:shield":44,"minecraft:white_terracotta":1,"minecraft:cooked_chicken":2,"minecraft:iron_chestplate":1,"minecraft:dirt":28,"minecraft:dark_oak_planks":14,"born_in_chaos_v1:corpse_maggot":1,"minecraft:iron_helmet":1,"minecraft:dark_oak_wood":1,"minecraft:iron_boots":1,"minecraft:bamboo":1,"minecraft:furnace":8,"minecraft:potato":72,"minecraft:iron_leggings":1,"alexsmobs:cooked_catfish":1,"epicfight:skillbook":7,"minecraft:stone_pickaxe":283,"minecraft:baked_potato":3,"minecraft:wooden_pickaxe":15,"minecraft:sandstone":46,"minecraft:cut_sandstone":12,"minecraft:golden_apple":1,"minecraft:crafting_table":9,"minecraft:red_bed":10,"minecraft:wooden_hoe":18,"born_in_chaos_v1:monster_flesh":1,"minecraft:bread":10,"minecraft:stone_axe":22,"minecraft:cobblestone":83,"minecraft:potion":2,"minecraft:cooked_porkchop":4,"minecraft:andesite":8,"minecraft:oak_boat":2,"minecraft:bone_meal":102,"alexsmobs:emu_egg":1},"minecraft:custom":{"lootr:looted_stat":8,"minecraft:mob_kills":28,"minecraft:interact_with_crafting_table":23,"minecraft:leave_game":13,"minecraft:time_since_death":11547,"minecraft:climb_one_cm":1286,"minecraft:sprint_one_cm":548775,"minecraft:walk_one_cm":1229531,"minecraft:damage_blocked_by_shield":2145,"minecraft:drop":46,"minecraft:play_noteblock":10,"minecraft:talked_to_villager":2,"minecraft:play_time":143083,"minecraft:deaths":14,"minecraft:sneak_time":9687,"minecraft:walk_under_water_one_cm":17879,"minecraft:boat_one_cm":86690,"minecraft:jump":2040,"minecraft:walk_on_water_one_cm":77672,"minecraft:total_world_time":143083,"minecraft:interact_with_furnace":63,"minecraft:tune_noteblock":6,"minecraft:sleep_in_bed":6,"minecraft:time_since_rest":2242,"minecraft:damage_taken":5006,"minecraft:damage_absorbed":40,"minecraft:damage_dealt":4635,"minecraft:swim_one_cm":52795,"minecraft:fly_one_cm":381122,"minecraft:player_kills":2,"minecraft:open_chest":2,"minecraft:crouch_one_cm":66038,"minecraft:interact_with_smoker":1,"minecraft:fall_one_cm":39457},"minecraft:crafted":{"minecraft:oak_planks":24,"minecraft:cooked_chicken":2,"minecraft:furnace":2,"minecraft:bone_meal":102,"minecraft:iron_boots":1,"minecraft:stone_pickaxe":2,"minecraft:dark_oak_planks":44,"minecraft:cooked_porkchop":4,"minecraft:crafting_table":2,"minecraft:baked_potato":71,"minecraft:wooden_pickaxe":1,"minecraft:iron_helmet":1,"minecraft:stone_axe":1,"minecraft:air":0,"minecraft:oak_boat":2,"minecraft:iron_chestplate":1,"minecraft:wooden_hoe":1,"minecraft:shield":1,"minecraft:stick":17,"minecraft:iron_ingot":26,"minecraft:stone_sword":1,"minecraft:iron_leggings":1,"minecraft:acacia_planks":8},"minecraft:killed_by":{"endofherobrine:cow":1,"minecraft:player":2,"grimoireofgaia:orc":1,"born_in_chaos_v1:fallen_chaos_knight":1,"creeperoverhaul:desert_creeper":1,"grimoireofgaia:ant_salvager":1,"man:managgresive":1,"grimoireofgaia:cecaelia":1,"grimoireofgaia:bone_knight":1,"minecraft:skeleton":2,"grimoireofgaia:gravemite":1,"grimoireofgaia:creep":1},"minecraft:dropped":{"farmersdelight:tomato_seeds":4,"minecraft:brown_mushroom":1,"minecraft:glass_bottle":2,"minecraft:leather":1,"minecraft:iron_horse_armor":1,"minecraft:stick":4,"minecraft:music_disc_13":1,"minecraft:cobweb":5,"minecraft:dirt":3,"minecraft:diorite":1,"born_in_chaos_v1:monster_skin":1,"minecraft:cut_sandstone":12,"minecraft:sand":2,"minecraft:string":9,"minecraft:chiseled_sandstone":1,"minecraft:bone":1,"minecraft:note_block":1,"minecraft:blue_terracotta":3,"minecraft:iron_nugget":2,"epicfight:uchigatana":1,"alexsmobs:tarantula_hawk_wing_fragment":1,"farmersdelight:cabbage_seeds":5,"minecraft:rotten_flesh":12,"regions_unexplored:mauve_log":2,"regions_unexplored:bamboo_sapling":2,"man:tearoftheman":2,"minecraft:andesite":8,"minecraft:melon_seeds":2,"minecraft:andesite_stairs":1,"minecraft:ladder":3,"minecraft:spider_eye":1,"minecraft:bamboo":6,"minecraft:sandstone":5,"minecraft:arrow":1,"minecraft:wooden_pickaxe":1},"minecraft:mined":{"minecraft:dark_oak_planks":4,"minecraft:red_carpet":1,"minecraft:spruce_planks":1,"minecraft:candle":1,"minecraft:andesite_stairs":1,"minecraft:ladder":1,"minecraft:granite":2,"minecraft:chiseled_bookshelf":3,"minecraft:acacia_log":4,"minecraft:grass_block":18,"minecraft:sandstone":40,"minecraft:spawner":1,"minecraft:furnace":6,"minecraft:iron_ore":30,"minecraft:chiseled_sandstone":6,"minecraft:andesite":14,"minecraft:bookshelf":5,"minecraft:potatoes":51,"regions_unexplored:medium_grass":4,"minecraft:bamboo_sapling":1,"minecraft:stone":109,"regions_unexplored:redstone_bulb":1,"minecraft:podzol":1,"regions_unexplored:dead_steppe_shrub":2,"minecraft:cut_sandstone":13,"minecraft:red_bed":11,"minecraft:orange_terracotta":8,"minecraft:crafting_table":9,"minecraft:note_block":1,"minecraft:dark_oak_wood":13,"minecraft:tall_grass":1,"minecraft:copper_ore":6,"regions_unexplored:mauve_log":3,"minecraft:lapis_ore":4,"farmersdelight:wild_tomatoes":1,"minecraft:diorite":2,"minecraft:white_terracotta":2,"minecraft:blue_terracotta":5,"minecraft:bamboo_planks":2,"regions_unexplored:redstone_bud":2,"minecraft:white_carpet":1,"minecraft:grass":17,"minecraft:oak_log":6,"minecraft:coal_ore":37,"minecraft:sand":1,"minecraft:gravel":1,"minecraft:dirt":15,"minecraft:sandstone_wall":3,"minecraft:oak_leaves":10,"minecraft:fern":3},"minecraft:broken":{"minecraft:stone_pickaxe":2},"minecraft:killed":{"alexsmobs:tarantula_hawk":1,"minecraft:spider":4,"born_in_chaos_v1:siamese_skeletonsright":1,"minecraft:skeleton":1,"grimoireofgaia:bee":1,"minecraft:chicken":2,"grimoireofgaia:gravemite":2,"grimoireofgaia:mandragora":1,"minecraft:pig":3,"alexsmobs:emu":1,"grimoireofgaia:mummy":1,"minecraft:zombie":4,"born_in_chaos_v1:dread_hound":1,"born_in_chaos_v1:corpse_fly":1,"born_in_chaos_v1:siamese_skeletonsleft":1,"minecraft:cow":1},"minecraft:picked_up":{"minecraft:crafting_table":8,"minecraft:ladder":3,"minecraft:chicken":3,"alexsmobs:cooked_catfish":1,"minecraft:string":3,"minecraft:red_bed":11,"minecraft:white_carpet":1,"dungeonnowloading:spawner_fragment":6,"regions_unexplored:bamboo_sapling":2,"minecraft:candle":2,"minecraft:spruce_planks":1,"minecraft:andesite_stairs":1,"minecraft:cobblestone_slab":2,"minecraft:iron_nugget":2,"minecraft:furnace":6,"minecraft:stick":2,"minecraft:raw_iron":30,"minecraft:sandstone":51,"born_in_chaos_v1:shattered_skull":1,"minecraft:acacia_log":4,"minecraft:note_block":1,"epicfight:skillbook":3,"minecraft:porkchop":4,"minecraft:diorite":1,"born_in_chaos_v1:pieceofdarkmetal":3,"minecraft:redstone":15,"minecraft:dark_oak_planks":4,"minecraft:arrow":1,"minecraft:rotten_flesh":13,"regions_unexplored:mauve_log":2,"alexsmobs:emu_egg":1,"minecraft:white_terracotta":1,"minecraft:cobblestone":108,"born_in_chaos_v1:corpse_maggot":1,"minecraft:feather":2,"born_in_chaos_v1:monster_flesh":1,"minecraft:andesite":18,"minecraft:cut_sandstone":24,"minecraft:leather":1,"minecraft:potato":176,"regions_unexplored:dead_steppe_shrub":1,"minecraft:oak_log":6,"minecraft:lapis_lazuli":30,"minecraft:dirt":31,"minecraft:orange_terracotta":6,"born_in_chaos_v1:monster_skin":1,"minecraft:red_carpet":1,"minecraft:bone":11,"minecraft:wheat_seeds":2,"minecraft:mossy_stone_bricks":1,"minecraft:bamboo":30,"minecraft:book":15,"minecraft:sand":2,"minecraft:ink_sac":1,"minecraft:chiseled_sandstone":1,"minecraft:spider_eye":1,"minecraft:mossy_cobblestone":1,"man:tearoftheman":1,"minecraft:blue_terracotta":3,"minecraft:granite":2,"alexsmobs:tarantula_hawk_wing_fragment":1,"minecraft:dark_oak_wood":12,"minecraft:coal":98}},"DataVersion":3465}