{"stats":{"minecraft:used":{"minecraft:blue_terracotta":2,"minecraft:stone_sword":110,"minecraft:cooked_salmon":17,"minecraft:rotten_flesh":1,"minecraft:torch":5,"minecraft:dirt":17,"artifacts:umbrella":6,"minecraft:carrot":2,"minecraft:dark_oak_planks":12,"minecraft:bamboo_raft":2,"minecraft:furnace":6,"minecraft:gray_bed":7,"minecraft:cooked_beef":6,"minecraft:potato":1,"minecraft:orange_terracotta":2,"minecraft:bamboo_planks":38,"minecraft:cooked_mutton":2,"alexsmobs:cooked_catfish":2,"epicfight:skillbook":4,"minecraft:stone_pickaxe":58,"minecraft:cartography_table":1,"minecraft:wooden_pickaxe":58,"minecraft:sandstone":8,"minecraft:cut_sandstone":6,"minecraft:crafting_table":4,"minecraft:note_block":1,"regions_unexplored:cherry_shrub":1,"wom:diamond_crown":1,"minecraft:stone_axe":100,"minecraft:cobblestone":8,"minecraft:potion":1,"born_in_chaos_v1:rotten_fish":1,"travelersbackpack:standard":5,"minecraft:andesite_stairs":1,"minecraft:oak_boat":1},"minecraft:custom":{"lootr:looted_stat":8,"minecraft:mob_kills":60,"minecraft:interact_with_crafting_table":14,"minecraft:leave_game":14,"minecraft:time_since_death":3783,"minecraft:climb_one_cm":1797,"minecraft:sprint_one_cm":357320,"minecraft:walk_one_cm":670561,"minecraft:damage_blocked_by_shield":505,"minecraft:drop":54,"minecraft:play_noteblock":1,"minecraft:damage_dealt_absorbed":18,"minecraft:talked_to_villager":3,"minecraft:play_time":136746,"minecraft:deaths":10,"minecraft:sneak_time":1953,"minecraft:walk_under_water_one_cm":47936,"minecraft:boat_one_cm":51478,"minecraft:jump":1652,"minecraft:walk_on_water_one_cm":148301,"minecraft:total_world_time":136746,"minecraft:interact_with_furnace":34,"minecraft:interact_with_cartography_table":3,"minecraft:tune_noteblock":11,"minecraft:sleep_in_bed":7,"minecraft:time_since_rest":3814,"minecraft:damage_taken":4698,"minecraft:damage_dealt":6673,"minecraft:swim_one_cm":147162,"minecraft:fly_one_cm":419101,"minecraft:crouch_one_cm":4670,"minecraft:fall_one_cm":38590},"minecraft:crafted":{"minecraft:furnace":2,"minecraft:cooked_mutton":2,"minecraft:stone_pickaxe":1,"alexsmobs:cooked_catfish":3,"minecraft:dark_oak_planks":4,"minecraft:gray_bed":1,"minecraft:bamboo_raft":2,"minecraft:cooked_beef":6,"minecraft:crafting_table":2,"minecraft:wooden_pickaxe":1,"minecraft:cooked_salmon":17,"minecraft:stone_axe":1,"minecraft:air":0,"regions_unexplored:eucalyptus_planks":4,"minecraft:bamboo_planks":48,"minecraft:paper":3,"minecraft:stick":32,"minecraft:iron_ingot":15,"minecraft:stone_sword":1,"minecraft:acacia_planks":8,"minecraft:torch":4},"minecraft:killed_by":{"endofherobrine:cow":2,"minecraft:player":1,"grimoireofgaia:mummy":1,"grimoireofgaia:ant_salvager":1,"minecraft:skeleton":3,"grimoireofgaia:gravemite":1,"alexsmobs:tarantula_hawk":1},"minecraft:dropped":{"minecraft:mossy_cobblestone":1,"minecraft:potion":1,"minecraft:green_carpet":3,"alexsmobs:cooked_catfish":1,"minecraft:dark_oak_planks":1,"minecraft:white_wool":1,"minecraft:furnace":1,"alexsmobs:maggot":1,"alexsmobs:gazelle_horn":1,"epicfight:uchigatana":3,"born_in_chaos_v1:ethereal_spirit":2,"born_in_chaos_v1:rotten_fish":2,"minecraft:rotten_flesh":9,"regions_unexplored:bamboo_sapling":2,"minecraft:filled_map":1,"born_in_chaos_v1:corpse_maggot":2,"minecraft:bamboo":26,"minecraft:sandstone":15,"minecraft:wooden_pickaxe":1,"epicfight:skillbook":2},"minecraft:mined":{"minecraft:dark_oak_planks":8,"minecraft:stone_pressure_plate":1,"minecraft:mossy_cobblestone":2,"minecraft:acacia_log":2,"minecraft:cartography_table":2,"minecraft:sandstone":19,"minecraft:furnace":5,"minecraft:iron_ore":15,"minecraft:fire":7,"minecraft:enchanting_table":1,"minecraft:green_carpet":4,"regions_unexplored:medium_grass":1,"minecraft:bamboo":12,"minecraft:stone":40,"minecraft:cut_sandstone":7,"minecraft:acacia_leaves":1,"minecraft:brown_mushroom":4,"minecraft:orange_terracotta":1,"minecraft:crafting_table":3,"minecraft:torch":1,"minecraft:tall_grass":2,"minecraft:cobblestone":9,"minecraft:sugar_cane":2,"regions_unexplored:bamboo_log":23,"minecraft:wall_torch":2,"minecraft:seagrass":1,"minecraft:gray_wool":3,"minecraft:bamboo_planks":36,"minecraft:gray_bed":5,"minecraft:tnt":9,"regions_unexplored:steppe_grass":1,"minecraft:grass":3,"minecraft:coal_ore":3,"regions_unexplored:eucalyptus_log":1,"minecraft:sand":1,"minecraft:dirt":1,"minecraft:oak_leaves":13,"minecraft:fern":2},"minecraft:broken":{"minecraft:stone_axe":1},"minecraft:killed":{"born_in_chaos_v1:restless_spirit":1,"born_in_chaos_v1:maggot":2,"minecraft:skeleton":1,"minecraft:chicken":1,"minecraft:drowned":2,"born_in_chaos_v1:corpse_fish":3,"grimoireofgaia:gravemite":6,"alexsmobs:triops":3,"minecraft:pig":1,"minecraft:salmon":17,"born_in_chaos_v1:decrepit_skeleton":1,"minecraft:sheep":1,"alexsmobs:catfish":2,"grimoireofgaia:mummy":2,"minecraft:zombie":8,"born_in_chaos_v1:corpse_fly":1,"alexsmobs:gazelle":2,"born_in_chaos_v1:dark_vortex":1,"alexsmobs:fly":1,"endofherobrine:cow":1,"endofherobrine:pigman":1,"minecraft:cow":2},"minecraft:picked_up":{"minecraft:crafting_table":4,"minecraft:brown_mushroom":5,"alexsmobs:gazelle_horn":1,"minecraft:string":7,"minecraft:cartography_table":2,"regions_unexplored:bamboo_sapling":2,"minecraft:beef":6,"minecraft:andesite_stairs":1,"minecraft:oak_boat":2,"minecraft:iron_nugget":3,"minecraft:sugar_cane":4,"minecraft:furnace":5,"minecraft:stick":1,"minecraft:raw_iron":15,"minecraft:sandstone":23,"born_in_chaos_v1:shattered_skull":1,"minecraft:copper_ingot":1,"minecraft:torch":5,"minecraft:acacia_log":2,"minecraft:note_block":1,"minecraft:porkchop":2,"minecraft:carrot":2,"minecraft:stone_pressure_plate":1,"minecraft:dark_oak_planks":9,"minecraft:tnt":9,"minecraft:arrow":1,"minecraft:rotten_flesh":14,"alexsmobs:emu_egg":1,"minecraft:mutton":2,"minecraft:white_wool":1,"minecraft:cobblestone":48,"minecraft:enchanting_table":1,"born_in_chaos_v1:corpse_maggot":2,"regions_unexplored:eucalyptus_log":1,"minecraft:salmon":17,"regions_unexplored:cherry_shrub":1,"minecraft:cut_sandstone":7,"minecraft:leather":2,"minecraft:potato":1,"minecraft:filled_map":1,"minecraft:dirt":17,"minecraft:orange_terracotta":3,"minecraft:cobweb":5,"minecraft:bamboo":169,"minecraft:gray_bed":6,"regions_unexplored:bamboo_log":24,"minecraft:book":3,"minecraft:bamboo_planks":34,"born_in_chaos_v1:ethereal_spirit":2,"minecraft:sand":1,"born_in_chaos_v1:dark_rod":1,"epicfight:uchigatana":2,"minecraft:chiseled_sandstone":3,"minecraft:green_carpet":3,"minecraft:mossy_cobblestone":1,"man:tearoftheman":1,"alexsmobs:raw_catfish":3,"minecraft:blue_terracotta":2,"alexsmobs:tarantula_hawk_wing_fragment":1,"minecraft:bone_meal":1,"minecraft:gray_wool":3,"alexsmobs:maggot":1,"born_in_chaos_v1:rotten_fish":4,"minecraft:dark_oak_wood":1,"minecraft:coal":8}},"DataVersion":3465}