{"stats":{"minecraft:mined":{"minecraft:dark_oak_planks":8,"minecraft:cut_sandstone_slab":4,"minecraft:stone_pressure_plate":1,"cataclysm:sandstone_ignite_trap":15,"minecraft:cave_vines_plant":1,"minecraft:granite":2,"minecraft:acacia_log":5,"minecraft:grass_block":2,"minecraft:iron_ore":44,"minecraft:cobbled_deepslate":7,"minecraft:fire":32,"minecraft:fletching_table":2,"minecraft:deepslate_lapis_ore":5,"minecraft:enchanting_table":1,"minecraft:green_carpet":4,"minecraft:smooth_sandstone_stairs":5,"minecraft:deepslate_redstone_ore":20,"minecraft:cut_sandstone":8,"minecraft:brown_mushroom":4,"minecraft:red_bed":2,"minecraft:orange_terracotta":2,"minecraft:clay":6,"born_in_chaos_v1:infected_deepslate_diamond_ore":2,"minecraft:torch":4,"minecraft:cobblestone":13,"minecraft:sugar_cane":2,"minecraft:oak_planks":2,"regions_unexplored:bamboo_log":23,"minecraft:wall_torch":15,"minecraft:seagrass":1,"minecraft:bamboo_planks":39,"minecraft:tnt":10,"regions_unexplored:steppe_grass":1,"minecraft:grass":9,"minecraft:oak_log":1,"regions_unexplored:eucalyptus_log":1,"minecraft:sand":20,"minecraft:dirt":1,"minecraft:sandstone_wall":1,"minecraft:tripwire_hook":2,"minecraft:netherrack":17,"minecraft:oak_leaves":13,"minecraft:deepslate":648,"minecraft:tuff":42,"minecraft:mossy_cobblestone":2,"minecraft:deepslate_diamond_ore":13,"minecraft:decorated_pot":2,"minecraft:polished_andesite_slab":2,"minecraft:cartography_table":2,"minecraft:moss_block":17,"minecraft:sandstone":19,"minecraft:hay_block":40,"regions_unexplored:baobab_log":498,"minecraft:redstone_ore":7,"minecraft:furnace":8,"minecraft:chiseled_sandstone":1,"minecraft:andesite":1,"minecraft:deepslate_iron_ore":36,"regions_unexplored:medium_grass":4,"minecraft:bamboo":12,"minecraft:stone":104,"minecraft:oak_slab":6,"minecraft:acacia_leaves":1,"minecraft:crafting_table":5,"minecraft:smooth_sandstone":2,"minecraft:oak_wood":8,"minecraft:lectern":1,"minecraft:tall_grass":12,"minecraft:deepslate_gold_ore":15,"minecraft:gray_wool":3,"minecraft:trapped_chest":1,"minecraft:white_carpet":1,"minecraft:gray_bed":5,"cataclysm:sandstone_falling_trap":1,"minecraft:coal_ore":85,"minecraft:gravel":61,"minecraft:cobweb":2,"regions_unexplored:baobab_leaves":9,"minecraft:gold_ore":4,"minecraft:fern":2},"minecraft:picked_up":{"minecraft:wheat":1,"minecraft:flower_pot":2,"minecraft:oak_stairs":4,"minecraft:potion":1,"alexsmobs:gazelle_horn":1,"minecraft:string":10,"regions_unexplored:bamboo_sapling":2,"minecraft:gold_nugget":1,"minecraft:cobbled_deepslate":416,"minecraft:iron_pickaxe":2,"cataclysm:khopesh":1,"minecraft:furnace":8,"minecraft:stick":110,"born_in_chaos_v1:shattered_skull":2,"minecraft:torch":25,"minecraft:acacia_log":5,"epicfight:skillbook":1,"minecraft:porkchop":6,"aether:golden_gloves":1,"born_in_chaos_v1:nightmare_claw":2,"minecraft:rotten_flesh":14,"alexsmobs:emu_egg":3,"minecraft:cobblestone":128,"minecraft:enchanting_table":1,"minecraft:feather":2,"minecraft:andesite":1,"regions_unexplored:cherry_shrub":1,"minecraft:potato":1,"minecraft:flint":5,"minecraft:tuff":32,"minecraft:smooth_sandstone_stairs":1,"minecraft:cut_sandstone_slab":2,"minecraft:lapis_lazuli":30,"minecraft:dirt":17,"born_in_chaos_v1:monster_skin":4,"cataclysm:koboleton_bone":8,"minecraft:bone":8,"minecraft:bow":1,"minecraft:raw_gold":19,"regions_unexplored:baobab_sapling":35,"minecraft:fletching_table":2,"minecraft:bamboo":169,"minecraft:moss_block":17,"minecraft:oak_planks":11,"regions_unexplored:bamboo_log":24,"regions_unexplored:baobab_planks":26,"minecraft:sand":20,"minecraft:bamboo_raft":4,"minecraft:trapped_chest":1,"minecraft:dark_oak_log":2,"minecraft:chiseled_sandstone":6,"minecraft:mossy_cobblestone":1,"man:tearoftheman":2,"minecraft:blue_terracotta":2,"minecraft:diamond":13,"minecraft:granite":2,"alexsmobs:tarantula_hawk_wing_fragment":1,"minecraft:bone_meal":1,"minecraft:emerald":2,"alexsmobs:maggot":1,"cataclysm:sandstone_ignite_trap":6,"born_in_chaos_v1:rotten_fish":8,"minecraft:netherrack":5,"regions_unexplored:baobab_log":556,"minecraft:crafting_table":7,"born_in_chaos_v1:diamond_termite_shard":2,"minecraft:chicken":1,"minecraft:clay_ball":24,"minecraft:brown_mushroom":5,"minecraft:brick":3,"minecraft:shield":1,"minecraft:red_bed":4,"minecraft:iron_axe":1,"minecraft:white_carpet":1,"minecraft:cartography_table":2,"minecraft:beef":12,"minecraft:andesite_stairs":1,"minecraft:oak_boat":8,"born_in_chaos_v1:gnawed_bones":1,"minecraft:iron_nugget":13,"minecraft:poppy":2,"minecraft:lectern":1,"minecraft:sugar_cane":4,"minecraft:egg":1,"minecraft:raw_iron":78,"minecraft:sandstone":23,"grimoireofgaia:meat":2,"minecraft:copper_ingot":1,"minecraft:note_block":1,"born_in_chaos_v1:pieceofdarkmetal":1,"minecraft:carrot":2,"minecraft:redstone":128,"minecraft:stone_pressure_plate":1,"minecraft:dark_oak_planks":9,"minecraft:tnt":10,"minecraft:arrow":134,"minecraft:hay_block":40,"minecraft:gold_ingot":1,"minecraft:mutton":8,"minecraft:white_wool":5,"born_in_chaos_v1:corpse_maggot":6,"born_in_chaos_v1:monster_flesh":4,"regions_unexplored:eucalyptus_log":1,"minecraft:tripwire_hook":2,"minecraft:salmon":17,"minecraft:cut_sandstone":9,"minecraft:leather":8,"minecraft:filled_map":1,"minecraft:oak_log":1,"minecraft:yellow_bed":3,"minecraft:orange_terracotta":5,"minecraft:smooth_sandstone":2,"minecraft:iron_ingot":8,"minecraft:cobweb":5,"minecraft:gray_bed":6,"minecraft:book":3,"minecraft:oak_slab":15,"minecraft:bamboo_planks":38,"born_in_chaos_v1:ethereal_spirit":3,"minecraft:gravel":61,"born_in_chaos_v1:dark_rod":2,"epicfight:uchigatana":4,"minecraft:green_carpet":3,"alexsmobs:raw_catfish":3,"travelersbackpack:standard":2,"minecraft:oak_wood":8,"minecraft:gray_wool":3,"cataclysm:sandstone_poison_dart_trap":1,"minecraft:dark_oak_wood":1,"minecraft:coal":91},"minecraft:killed_by":{"endofherobrine:cow":5,"grimoireofgaia:mummy":1,"grimoireofgaia:cecaelia":3,"grimoireofgaia:minotaurus":1,"cataclysm:koboleton":4,"grimoireofgaia:gravemite":1,"minecraft:player":1,"grimoireofgaia:orc":2,"grimoireofgaia:centaur":1,"grimoireofgaia:flesh_lich":2,"grimoireofgaia:ant_salvager":1,"minecraft:skeleton":4,"alexsmobs:tarantula_hawk":1,"born_in_chaos_v1:corpse_fish":1,"born_in_chaos_v1:dread_hound":1},"minecraft:custom":{"lootr:looted_stat":24,"minecraft:interact_with_crafting_table":46,"minecraft:open_barrel":4,"minecraft:leave_game":21,"minecraft:time_since_death":25773,"minecraft:sprint_one_cm":1129619,"minecraft:damage_blocked_by_shield":1675,"minecraft:drop":134,"minecraft:play_noteblock":1,"minecraft:talked_to_villager":55,"minecraft:play_time":490827,"minecraft:deaths":30,"minecraft:jump":5315,"minecraft:walk_on_water_one_cm":210900,"minecraft:interact_with_furnace":74,"minecraft:traded_with_villager":150,"minecraft:interact_with_cartography_table":3,"minecraft:sleep_in_bed":25,"minecraft:waystone_activated":1,"minecraft:damage_dealt":13035,"minecraft:player_kills":1,"minecraft:crouch_one_cm":21305,"minecraft:horse_one_cm":8390,"minecraft:mob_kills":101,"minecraft:damage_dealt_resisted":96,"minecraft:climb_one_cm":3896,"minecraft:walk_one_cm":2165958,"minecraft:damage_dealt_absorbed":18,"minecraft:sneak_time":9386,"minecraft:walk_under_water_one_cm":67735,"minecraft:boat_one_cm":206253,"minecraft:total_world_time":490827,"minecraft:tune_noteblock":11,"minecraft:time_since_rest":25840,"minecraft:damage_taken":15025,"minecraft:trigger_trapped_chest":2,"minecraft:swim_one_cm":247445,"minecraft:fly_one_cm":1778359,"minecraft:open_chest":3,"minecraft:fall_one_cm":92139},"minecraft:crafted":{"regions_unexplored:baobab_planks":2076,"minecraft:oak_planks":32,"minecraft:cooked_chicken":1,"minecraft:cooked_mutton":2,"dungeonnowloading:wooden_wall_platform":6,"minecraft:glass":19,"minecraft:tipped_arrow":60,"minecraft:chest":3,"alexsmobs:cooked_catfish":3,"minecraft:gray_bed":1,"minecraft:bamboo_raft":4,"minecraft:oak_slab":12,"minecraft:emerald":137,"minecraft:cooked_porkchop":4,"minecraft:crafting_table":2,"travelersbackpack:standard":1,"minecraft:wooden_pickaxe":1,"minecraft:baked_potato":6,"minecraft:fletching_table":1,"minecraft:bamboo_planks":48,"minecraft:paper":3,"minecraft:stick":4261,"minecraft:iron_ingot":43,"minecraft:iron_pickaxe":2,"minecraft:stone_sword":1,"minecraft:gold_ingot":4,"minecraft:tripwire_hook":2,"minecraft:furnace":4,"travelersbackpack:white_sleeping_bag":1,"minecraft:iron_axe":2,"minecraft:stone_pickaxe":5,"minecraft:dark_oak_planks":12,"redeco:polished_oak_planks":3,"minecraft:wheat":360,"minecraft:cooked_beef":12,"minecraft:crossbow":1,"travelersbackpack:backpack_tank":2,"minecraft:iron_sword":1,"minecraft:cooked_salmon":17,"minecraft:bucket":1,"minecraft:stone_axe":1,"minecraft:bread":120,"minecraft:air":0,"regions_unexplored:eucalyptus_planks":4,"minecraft:acacia_planks":20,"minecraft:torch":232,"minecraft:trapped_chest":1},"minecraft:dropped":{"minecraft:moss_block":4,"minecraft:crafting_table":1,"minecraft:cooked_porkchop":3,"minecraft:crossbow":1,"travelersbackpack:standard":1,"born_in_chaos_v1:nightmare_claw":2,"farmersdelight:rice":2,"minecraft:flint":7,"minecraft:emerald":2,"born_in_chaos_v1:monster_flesh":1,"minecraft:mutton":3,"minecraft:cut_sandstone":1,"artifacts:charm_of_sinking":1,"alexsmobs:cooked_catfish":1,"minecraft:gold_nugget":1,"minecraft:iron_pickaxe":1,"minecraft:dark_oak_planks":1,"minecraft:white_wool":1,"minecraft:bone":9,"minecraft:gravel":5,"alexsmobs:gazelle_horn":1,"minecraft:iron_nugget":12,"alexsmobs:animal_dictionary":1,"minecraft:cobbled_deepslate":78,"aether:golden_gloves":1,"minecraft:wheat":1,"born_in_chaos_v1:ethereal_spirit":3,"minecraft:rotten_flesh":13,"regions_unexplored:baobab_sapling":5,"born_in_chaos_v1:corpse_maggot":4,"minecraft:bread":2,"minecraft:oak_slab":6,"born_in_chaos_v1:shattered_skull":2,"minecraft:mossy_cobblestone":1,"minecraft:feather":2,"minecraft:cobblestone":25,"minecraft:granite":2,"minecraft:copper_ingot":1,"minecraft:potion":1,"minecraft:green_carpet":3,"minecraft:iron_axe":1,"minecraft:string":3,"minecraft:tripwire_hook":1,"minecraft:chiseled_sandstone":1,"minecraft:redstone":128,"minecraft:furnace":1,"alexsmobs:maggot":1,"epicfight:uchigatana":7,"minecraft:tuff":5,"born_in_chaos_v1:rotten_fish":6,"minecraft:clay_ball":24,"regions_unexplored:bamboo_sapling":2,"minecraft:filled_map":1,"man:tearoftheman":1,"minecraft:iron_chestplate":1,"minecraft:bamboo":26,"minecraft:sandstone":15,"minecraft:wooden_pickaxe":1,"epicfight:skillbook":4},"minecraft:broken":{"minecraft:stone_pickaxe":4,"minecraft:stone_axe":1,"minecraft:stone_sword":1,"minecraft:golden_axe":1,"minecraft:iron_axe":2,"minecraft:iron_pickaxe":2,"minecraft:golden_pickaxe":1},"minecraft:killed":{"minecraft:witch":1,"born_in_chaos_v1:restless_spirit":1,"born_in_chaos_v1:zombie_lumberjack":1,"minecraft:skeleton":4,"minecraft:chicken":2,"grimoireofgaia:gravemite":6,"alexsmobs:triops":3,"grimoireofgaia:flesh_lich":1,"minecraft:pig":3,"born_in_chaos_v1:diamond_termite":3,"grimoireofgaia:bone_knight":1,"minecraft:salmon":17,"minecraft:sheep":3,"minecraft:zombie":10,"born_in_chaos_v1:dread_hound":3,"born_in_chaos_v1:corpse_fly":2,"grimoireofgaia:harpy":1,"alexsmobs:fly":1,"endofherobrine:cow":2,"endofherobrine:pigman":1,"minecraft:cow":2,"grimoireofgaia:satyress":1,"grimoireofgaia:centaur":3,"born_in_chaos_v1:maggot":2,"minecraft:drowned":2,"alexsmobs:bison":1,"born_in_chaos_v1:corpse_fish":6,"cataclysm:koboleton":6,"born_in_chaos_v1:decrepit_skeleton":1,"alexsmobs:catfish":2,"grimoireofgaia:mummy":2,"alexsmobs:cockroach":1,"alexsmobs:gazelle":2,"born_in_chaos_v1:dark_vortex":2,"born_in_chaos_v1:nightmare_stalker":1},"minecraft:used":{"alexsmobs:emu_egg":3,"minecraft:moss_block":13,"minecraft:blue_terracotta":2,"minecraft:poppy":2,"minecraft:iron_sword":107,"minecraft:rotten_flesh":1,"minecraft:mutton":1,"artifacts:umbrella":29,"minecraft:carrot":2,"minecraft:tuff":2,"minecraft:obsidian":2,"born_in_chaos_v1:gnawed_bones":1,"minecraft:bow":51,"minecraft:furnace":10,"minecraft:gray_bed":7,"grimoireofgaia:meat":2,"minecraft:egg":1,"minecraft:potato":1,"dungeonnowloading:wooden_wall_platform":6,"epicfight:skillbook":4,"minecraft:oak_planks":2,"minecraft:stone_pickaxe":668,"minecraft:wooden_pickaxe":58,"minecraft:sandstone":8,"minecraft:white_wool":1,"minecraft:crossbow":1,"minecraft:note_block":1,"regions_unexplored:cherry_shrub":1,"minecraft:chiseled_sandstone":2,"born_in_chaos_v1:monster_flesh":3,"minecraft:bread":85,"minecraft:gravel":56,"born_in_chaos_v1:rotten_fish":1,"minecraft:andesite":1,"minecraft:oak_boat":8,"minecraft:bone_meal":1,"minecraft:golden_pickaxe":32,"minecraft:stone_sword":130,"minecraft:cooked_salmon":17,"minecraft:cooked_chicken":1,"minecraft:netherrack":5,"regions_unexplored:baobab_sapling":24,"minecraft:torch":257,"minecraft:dirt":17,"minecraft:white_carpet":1,"minecraft:dark_oak_planks":12,"minecraft:bamboo_raft":7,"minecraft:iron_axe":495,"minecraft:oak_stairs":4,"minecraft:smooth_sandstone":2,"minecraft:trapped_chest":1,"minecraft:cooked_beef":12,"minecraft:acacia_planks":12,"minecraft:cobbled_deepslate":149,"minecraft:orange_terracotta":2,"minecraft:golden_axe":32,"minecraft:bamboo_planks":44,"minecraft:cooked_mutton":2,"alexsmobs:cooked_catfish":2,"minecraft:water_bucket":13,"minecraft:baked_potato":6,"minecraft:cartography_table":1,"minecraft:cut_sandstone":6,"minecraft:fletching_table":3,"minecraft:oak_slab":12,"minecraft:tnt":1,"minecraft:crafting_table":8,"minecraft:red_bed":4,"minecraft:oak_log":1,"wom:diamond_crown":1,"minecraft:iron_pickaxe":408,"minecraft:stone_axe":100,"minecraft:cobblestone":49,"minecraft:potion":1,"travelersbackpack:standard":31,"minecraft:cooked_porkchop":1,"minecraft:andesite_stairs":1,"minecraft:bucket":19,"minecraft:yellow_bed":3,"alexsmobs:animal_dictionary":1}},"DataVersion":3465}