{"stats":{"minecraft:mined":{"minecraft:white_bed":1,"minecraft:mossy_cobblestone":2,"minecraft:candle":2,"minecraft:andesite_stairs":1,"minecraft:gray_glazed_terracotta":2,"minecraft:torch":1,"minecraft:granite":4,"minecraft:grass_block":1,"minecraft:copper_ore":12,"regions_unexplored:bamboo_log":43,"minecraft:gray_wool":3,"minecraft:andesite":1,"regions_unexplored:mauve_leaves":1,"minecraft:stone_brick_stairs":1,"minecraft:grass":10,"minecraft:bookshelf":1,"minecraft:coal_ore":17,"minecraft:cobblestone_slab":2,"regions_unexplored:bamboo_leaves":16,"minecraft:dirt":24,"minecraft:green_carpet":1,"regions_unexplored:medium_grass":4,"minecraft:bamboo":10,"minecraft:stone":28,"minecraft:mossy_stone_bricks":1,"minecraft:oak_leaves":1,"minecraft:fern":7},"minecraft:used":{"minecraft:cooked_mutton":6,"alexsmobs:cooked_catfish":4,"epicfight:skillbook":3,"minecraft:stone_sword":74,"born_in_chaos_v1:ethereal_spirit":3,"minecraft:stone_pickaxe":57,"minecraft:wooden_pickaxe":39,"minecraft:cooked_chicken":1,"minecraft:torch":5,"minecraft:dirt":3,"minecraft:crafting_table":3,"minecraft:white_bed":1,"minecraft:book":3,"minecraft:stone_axe":1,"minecraft:bamboo":10,"minecraft:potion":1,"minecraft:furnace":1,"minecraft:andesite_stairs":1,"minecraft:bamboo_planks":8},"minecraft:dropped":{"minecraft:wheat_seeds":2,"regions_unexplored:bamboo_log":1,"minecraft:stone_sword":3,"minecraft:mossy_cobblestone":1,"man:cassette_1safetyinstructions":1,"regions_unexplored:bamboo_sapling":1,"minecraft:coal":2,"minecraft:filled_map":1,"minecraft:cobblestone_slab":2,"minecraft:ink_sac":1,"minecraft:andesite":1,"minecraft:mossy_stone_bricks":1,"minecraft:andesite_stairs":1,"minecraft:bamboo":83,"epicfight:skillbook":1},"minecraft:picked_up":{"minecraft:andesite":1,"minecraft:filled_map":1,"minecraft:potion":1,"minecraft:stone_brick_stairs":1,"minecraft:dirt":21,"minecraft:string":1,"minecraft:raw_copper":50,"man:cassette_1safetyinstructions":1,"minecraft:bone":3,"minecraft:candle":6,"minecraft:wheat_seeds":2,"regions_unexplored:bamboo_sapling":1,"minecraft:andesite_stairs":2,"minecraft:cobblestone_slab":2,"minecraft:mossy_stone_bricks":1,"minecraft:glass_bottle":1,"minecraft:bamboo":155,"regions_unexplored:bamboo_log":43,"minecraft:book":3,"minecraft:stick":22,"minecraft:bamboo_planks":4,"minecraft:gray_glazed_terracotta":2,"minecraft:torch":2,"born_in_chaos_v1:ethereal_spirit":1,"epicfight:skillbook":1,"minecraft:porkchop":3,"minecraft:white_bed":1,"minecraft:ink_sac":1,"minecraft:green_carpet":2,"minecraft:mossy_cobblestone":1,"alexsmobs:raw_catfish":4,"minecraft:stone_sword":3,"minecraft:rotten_flesh":3,"minecraft:granite":4,"minecraft:bone_meal":1,"alexsmobs:emu_egg":1,"minecraft:gray_wool":3,"minecraft:black_wool":1,"minecraft:mutton":10,"minecraft:coal":21,"minecraft:white_wool":5,"minecraft:cobblestone":28},"minecraft:crafted":{"minecraft:crafting_table":3,"minecraft:wooden_pickaxe":1,"minecraft:cooked_chicken":1,"minecraft:furnace":1,"minecraft:cooked_mutton":6,"minecraft:air":0,"minecraft:bamboo_planks":82,"minecraft:stick":28,"minecraft:stone_pickaxe":1,"minecraft:white_bed":1,"minecraft:stone_sword":1,"alexsmobs:cooked_catfish":4,"minecraft:torch":4},"minecraft:killed":{"minecraft:pig":1,"alexsmobs:tasmanian_devil":1,"born_in_chaos_v1:decrepit_skeleton":2,"born_in_chaos_v1:maggot":2,"minecraft:sheep":6,"alexsmobs:catfish":3,"minecraft:zombie":5,"alexsmobs:gazelle":1,"born_in_chaos_v1:corpse_fish":1},"minecraft:killed_by":{"grimoireofgaia:cecaelia":2,"minecraft:player":1},"minecraft:custom":{"lootr:looted_stat":2,"minecraft:interact_with_furnace":20,"minecraft:mob_kills":22,"minecraft:tune_noteblock":11,"minecraft:interact_with_crafting_table":6,"minecraft:interact_with_grindstone":1,"minecraft:leave_game":1,"minecraft:time_since_death":11818,"minecraft:climb_one_cm":346,"minecraft:time_since_rest":11865,"minecraft:sprint_one_cm":245236,"minecraft:damage_taken":1751,"minecraft:walk_one_cm":403652,"minecraft:drop":52,"minecraft:damage_dealt":3731,"minecraft:play_noteblock":1,"minecraft:damage_dealt_absorbed":10,"minecraft:swim_one_cm":46323,"minecraft:talked_to_villager":3,"minecraft:fly_one_cm":170530,"minecraft:player_kills":2,"minecraft:crouch_one_cm":550,"minecraft:play_time":58725,"minecraft:deaths":4,"minecraft:sneak_time":170,"minecraft:walk_under_water_one_cm":13607,"minecraft:boat_one_cm":93108,"minecraft:jump":739,"minecraft:walk_on_water_one_cm":23961,"minecraft:total_world_time":58725,"minecraft:fall_one_cm":19649}},"DataVersion":3465}