{"stats":{"minecraft:mined":{"minecraft:cut_sandstone_slab":1,"minecraft:white_bed":2,"minecraft:mossy_cobblestone":2,"minecraft:candle":2,"minecraft:andesite_stairs":1,"minecraft:gray_glazed_terracotta":2,"cataclysm:sandstone_ignite_trap":19,"minecraft:granite":4,"minecraft:grass_block":9,"minecraft:decorated_pot":4,"minecraft:kelp":1,"minecraft:sandstone":4,"cataclysm:sandstone_poison_dart_trap":1,"minecraft:chiseled_sandstone":4,"minecraft:andesite":1,"minecraft:bookshelf":1,"minecraft:cobblestone_slab":2,"minecraft:black_candle":1,"minecraft:green_carpet":1,"minecraft:smooth_sandstone_stairs":6,"regions_unexplored:medium_grass":4,"minecraft:bamboo":10,"minecraft:stone":32,"minecraft:player_head":1,"minecraft:tripwire":9,"minecraft:jungle_trapdoor":1,"regions_unexplored:dead_steppe_shrub":1,"minecraft:cut_sandstone":2,"minecraft:glass_pane":1,"minecraft:kelp_plant":10,"minecraft:bamboo_stairs":1,"minecraft:smooth_sandstone":61,"minecraft:torch":2,"minecraft:campfire":2,"minecraft:tall_grass":3,"minecraft:copper_ore":12,"minecraft:oak_planks":3,"regions_unexplored:bamboo_log":43,"minecraft:smooth_sandstone_slab":1,"minecraft:gray_wool":3,"regions_unexplored:mauve_leaves":1,"minecraft:yellow_bed":1,"minecraft:stone_brick_stairs":1,"minecraft:grass":12,"minecraft:oak_log":21,"minecraft:coal_ore":17,"regions_unexplored:bamboo_leaves":16,"minecraft:sand":1,"minecraft:dirt":24,"minecraft:tripwire_hook":4,"minecraft:mossy_stone_bricks":1,"minecraft:oak_leaves":1,"minecraft:fern":7},"minecraft:picked_up":{"minecraft:charcoal":4,"minecraft:iron_chestplate":1,"minecraft:chicken":2,"minecraft:mourner_pottery_sherd":3,"minecraft:potion":1,"minecraft:stone_brick_stairs":1,"minecraft:string":9,"minecraft:raw_copper":50,"minecraft:candle":6,"regions_unexplored:bamboo_sapling":1,"minecraft:andesite_stairs":2,"minecraft:cobblestone_slab":2,"minecraft:player_head":1,"minecraft:iron_nugget":1,"minecraft:egg":3,"minecraft:stick":31,"minecraft:sandstone":4,"minecraft:torch":4,"epicfight:skillbook":4,"minecraft:porkchop":4,"minecraft:smooth_sandstone_slab":1,"minecraft:stone_sword":4,"minecraft:arrow":128,"minecraft:rotten_flesh":4,"alexsmobs:emu_egg":5,"minecraft:mutton":10,"minecraft:white_wool":5,"minecraft:cobblestone":32,"minecraft:bamboo_stairs":1,"born_in_chaos_v1:corpse_maggot":8,"minecraft:feather":1,"minecraft:tripwire_hook":2,"minecraft:andesite":1,"minecraft:filled_map":1,"regions_unexplored:dead_steppe_shrub":1,"minecraft:smooth_sandstone_stairs":3,"minecraft:oak_log":21,"minecraft:danger_pottery_sherd":2,"minecraft:yellow_bed":1,"minecraft:cut_sandstone_slab":2,"minecraft:dirt":29,"man:cassette_1safetyinstructions":1,"cataclysm:koboleton_bone":4,"minecraft:smooth_sandstone":59,"minecraft:bone":5,"minecraft:apple":1,"minecraft:kelp":58,"minecraft:bow":1,"minecraft:wheat_seeds":2,"regions_unexplored:baobab_sapling":2,"minecraft:mossy_stone_bricks":1,"minecraft:rabbit":2,"minecraft:glass_bottle":1,"minecraft:bamboo":155,"minecraft:arms_up_pottery_sherd":2,"minecraft:oak_planks":1,"regions_unexplored:bamboo_log":43,"minecraft:book":3,"minecraft:black_candle":3,"minecraft:bamboo_planks":4,"minecraft:cooked_porkchop":3,"minecraft:gray_glazed_terracotta":2,"born_in_chaos_v1:ethereal_spirit":1,"minecraft:ink_sac":1,"minecraft:white_bed":2,"minecraft:green_carpet":2,"minecraft:mossy_cobblestone":1,"alexsmobs:raw_catfish":5,"minecraft:snort_pottery_sherd":3,"minecraft:granite":4,"minecraft:bone_meal":1,"minecraft:gray_wool":3,"minecraft:bread":2,"cataclysm:sandstone_ignite_trap":5,"minecraft:oak_sapling":1,"cataclysm:sandstone_poison_dart_trap":1,"minecraft:black_wool":1,"minecraft:coal":21,"regions_unexplored:baobab_log":9},"minecraft:killed_by":{"minecraft:player":2,"born_in_chaos_v1:nightmare_stalker":1,"grimoireofgaia:orc":1,"grimoireofgaia:cecaelia":2,"cataclysm:koboleton":6,"born_in_chaos_v1:dread_hound":2},"minecraft:custom":{"minecraft:interact_with_smithing_table":1,"lootr:looted_stat":13,"minecraft:mob_kills":51,"minecraft:interact_with_crafting_table":15,"minecraft:leave_game":10,"minecraft:time_since_death":4862,"minecraft:climb_one_cm":346,"minecraft:sprint_one_cm":648130,"minecraft:walk_one_cm":1122803,"minecraft:drop":64,"minecraft:play_noteblock":1,"minecraft:damage_dealt_absorbed":10,"minecraft:talked_to_villager":13,"minecraft:play_time":176705,"minecraft:sneak_time":4041,"minecraft:deaths":20,"minecraft:walk_under_water_one_cm":34610,"minecraft:boat_one_cm":96428,"minecraft:jump":2494,"minecraft:walk_on_water_one_cm":69609,"minecraft:total_world_time":176705,"minecraft:interact_with_furnace":34,"minecraft:tune_noteblock":11,"minecraft:interact_with_grindstone":1,"minecraft:sleep_in_bed":7,"minecraft:time_since_rest":4888,"minecraft:damage_taken":6874,"minecraft:damage_dealt":5709,"minecraft:swim_one_cm":70226,"minecraft:fly_one_cm":798472,"minecraft:player_kills":2,"minecraft:open_chest":21,"minecraft:crouch_one_cm":18430,"minecraft:fall_one_cm":73684},"minecraft:crafted":{"minecraft:oak_planks":84,"regions_unexplored:baobab_planks":24,"minecraft:cooked_chicken":1,"minecraft:furnace":2,"minecraft:cooked_mutton":6,"minecraft:stone_pickaxe":2,"minecraft:chest":4,"alexsmobs:cooked_catfish":5,"minecraft:cooked_porkchop":1,"minecraft:crafting_table":5,"minecraft:dried_kelp":28,"minecraft:wooden_pickaxe":1,"minecraft:stone_axe":1,"minecraft:air":0,"minecraft:bamboo_planks":82,"minecraft:stick":32,"minecraft:stone_sword":1,"minecraft:white_bed":1,"minecraft:torch":4},"minecraft:dropped":{"minecraft:wheat_seeds":2,"minecraft:mossy_cobblestone":1,"minecraft:glass_bottle":1,"man:cassette_1safetyinstructions":1,"minecraft:coal":2,"minecraft:dirt":2,"minecraft:ink_sac":1,"minecraft:bone_meal":1,"minecraft:bone":2,"minecraft:stone_sword":3,"epicfight:uchigatana":1,"regions_unexplored:bamboo_log":1,"alexsmobs:animal_dictionary":1,"born_in_chaos_v1:rotten_fish":1,"aether:leather_gloves":1,"regions_unexplored:bamboo_sapling":1,"minecraft:filled_map":1,"minecraft:cobblestone_slab":2,"minecraft:gunpowder":4,"minecraft:andesite":1,"minecraft:mossy_stone_bricks":1,"minecraft:andesite_stairs":1,"minecraft:bamboo":83,"epicfight:skillbook":3},"minecraft:broken":{"minecraft:wooden_pickaxe":1},"minecraft:killed":{"alexsmobs:raccoon":1,"alexsmobs:tasmanian_devil":1,"born_in_chaos_v1:maggot":2,"minecraft:chicken":2,"born_in_chaos_v1:corpse_fish":1,"alexsmobs:triops":1,"cataclysm:koboleton":13,"minecraft:pig":2,"born_in_chaos_v1:decrepit_skeleton":2,"alexsmobs:emu":1,"minecraft:sheep":6,"alexsmobs:catfish":4,"minecraft:zombie":6,"born_in_chaos_v1:dread_hound":1,"born_in_chaos_v1:corpse_fly":7,"alexsmobs:gazelle":1},"minecraft:used":{"alexsmobs:emu_egg":5,"minecraft:stone_sword":94,"born_in_chaos_v1:ethereal_spirit":3,"minecraft:dried_kelp":28,"minecraft:chest":4,"minecraft:smooth_sandstone_stairs":1,"minecraft:cooked_chicken":1,"minecraft:rotten_flesh":1,"minecraft:iron_chestplate":1,"regions_unexplored:baobab_sapling":2,"minecraft:torch":6,"minecraft:dirt":9,"minecraft:mutton":4,"born_in_chaos_v1:corpse_maggot":8,"minecraft:smooth_sandstone":28,"wom:golden_mokassin":1,"minecraft:bamboo":10,"minecraft:bow":29,"minecraft:furnace":2,"minecraft:egg":2,"minecraft:bamboo_planks":8,"minecraft:cooked_mutton":6,"alexsmobs:cooked_catfish":5,"epicfight:skillbook":12,"minecraft:oak_planks":57,"minecraft:stone_pickaxe":160,"minecraft:wooden_pickaxe":57,"minecraft:sandstone":4,"wom:diamond_legbottomseal":1,"regions_unexplored:dead_steppe_shrub":1,"minecraft:cut_sandstone_slab":1,"minecraft:crafting_table":5,"minecraft:white_bed":3,"minecraft:book":3,"minecraft:apple":1,"minecraft:chicken":2,"minecraft:bread":8,"regions_unexplored:baobab_planks":13,"minecraft:stone_axe":28,"regions_unexplored:baobab_log":3,"minecraft:potion":1,"born_in_chaos_v1:rotten_fish":3,"minecraft:porkchop":3,"minecraft:cooked_porkchop":4,"minecraft:andesite_stairs":1,"epicfight:uchigatana":1,"minecraft:candle":6}},"DataVersion":3465}